{
  "project_info": {
    "project_number": "422252560157",
    "firebase_url": "https://fasttrending-7198e.firebaseio.com",
    "project_id": "fasttrending-7198e",
    "storage_bucket": "fasttrending-7198e.appspot.com"
  },
  "client": [
    {
      "client_info": {
        "mobilesdk_app_id": "1:422252560157:android:22028d1819ca8baf",
        "android_client_info": {
          "package_name": "com.instag.vijay.fasttrending"
        }
      },
      "oauth_client": [
        {
          "client_id": "422252560157-19cp48csvbhprlr633kppmrug4hsm6le.apps.googleusercontent.com",
          "client_type": 3
        }
      ],
      "api_key": [
        {
          "current_key": "AIzaSyAaQlb22wEG7RZ0MGuaepMh7qaGT7_U6wk"
        }
      ],
      "services": {
        "analytics_service": {
          "status": 1
        },
        "appinvite_service": {
          "status": 1,
          "other_platform_oauth_client": []
        },
        "ads_service": {
          "status": 2
        }
      }
    }
  ],
  "configuration_version": "1"
}